text,true_labels,true_labels_text,predicted_label_text
Schering-Plough Corporation has announced that it has entered into a strategic agreement with Bayer designed to maximize the companies #39; pharmaceutical resources while maintaining each company #39;s own strategic interests.,3,Business,Business
The UN tribunal in The Hague says it will impose a defence lawyer on former Yugoslav leader Slobodan Milosevic.,1,World,World
"AP - Don't question Pedro Martinez anymore. Fame and fortune already his, Martinez finally made it to the World Series on Tuesday night. And when he got there, he shut down the St. Louis Cardinals, putting the Boston Red Sox within one victory of the World Series title that has eluded them since 1918.",2,Sports,Sports
CARDIFF -- Championship leader Sebastien Loeb took two stage wins to boost his lead over Norwegian Petter Solberg as the Rally of Britain entered its second leg on Saturday.,2,Sports,Sports
"In New York, San Francisco, and Washington, D.C., National Geographic's Photo Camps this summer paired underprivileged students with seasoned photogropaphers. &lt;i&gt;With photo gallery.&lt;/i&gt;",4,Science,World
Referee Graham Poll has insisted that he acted within the laws of the game when he allowed Thierry Henry to take a quick free-kick yesterday.,2,Sports,Sports
"Manufacturing industry is enjoying its strongest performance for almost 10 years, according to a survey by the Engineering Employers Federation.",3,Business,Business
" BAGHDAD (Reuters) - Iraq's U.S.-backed government said on  Tuesday that ""major neglect"" by its American-led allies led to  a massacre of 49 army recruits at the weekend.",1,World,World
A scare triggered by a vibrating sex toy shut down a major Australian regional airport for almost an hour on Monday. The vibrating object was discovered on Monday morning inside a garbage can at the terminal ,1,World,World
WALTER SMITH was flexing his muscles last night as he prepared to answer the SOS from the SFA. Scotland #39;s fans were finally put out of their misery when Berti Vogts resigned as manager of the national team.,2,Sports,Sports
"Fossils from extinct dogs show why bigger is not better -- giant meat-eating animals died out because they relied too heavily on hunting other big animals, scientists reported on Thursday.",4,Science,Science
"A minister has launched a scathing attack on heir to the throne Prince Charles, accusing him of being  quot;very old fashioned quot; and out of touch in his views on teaching in schools.",1,World,World
Dont buy that high-definition TV yet. Competition may force the prices down further.,4,Science,Business
Gateway Inc. on Wednesday raised fourth-quarter earnings expectations as the personal computer maker freed up cash by selling preferred stock and outsourcing its warranty service plans.,3,Business,Business
"DONETSK, Ukraine: Brazilian midfielder Matuzalem defied the chilly temperatures to score a double for Shakhtar Donetsk on Wednesday in a 3-0 win which virtually ended Celtic #39;s Champions League ambitions this season.",2,Sports,Sports
"AFP - The blame falls on Home Secretary David Blunkett for exposing his three-year affair with the married publisher of The Spectator, the magazine itself charges in its latest issue.",1,World,World
"For the 3,000 Britons who will run in the New York City marathon next month the most important thing will be to finish the 26.2-mile race, in order to achieve a sense of personal fulfilment.",2,Sports,Sports
" SEOUL (Reuters) - North Korea hurled invective at President  Bush for a second day on Tuesday, calling him a political idiot  and human trash, and said six-party talks on Pyongyang's  nuclear ambitions appeared doomed.",1,World,World
A SOCCER fan was fined \$2400 and banned from soccer grounds for the maximum five years yesterday when he pleaded guilty to racially abusing Birmingham City striker Dwight Yorke.,2,Sports,Sports
"AFP - The unexpected boom in US job creation in October has locked in an interest rate rise and will likely encourage another tightening in December, analysts said.",3,Business,Business
TechWeb - Availability of Entellium's code could speed development of industry-specific CRM products.,4,Science,Business
"NEW YORK (CNN/Money) - The CEOs of the top 50 US companies that sent service jobs overseas pulled down far more pay than their counterparts at other large companies last year, a study said Tuesday.",3,Business,Business
Louisiana State beat Oklahoma in the Bowl Championship Series title game in the Sugar Bowl last January. Both teams play their openers on Saturday in the first full weekend of the college football season.,2,Sports,Sports
BEIJING (Reuters) - China breathed a measured sigh of relief after the skills of its basketball giant Yao Ming dwarfed New Zealand to sweep his team nearer to their goal of reaching the Athens Olympics semi-finals. ,2,Sports,Sports
" WASHINGTON (Reuters) - Telemarketers will be able to use  prerecorded ""robo calls"" to stay in touch with established  customers starting next week -- at least for the short term,  U.S. regulators said Friday.",4,Science,Business
"BULLETIN&lt;br&gt;BC-OLY--Women's Marathon RUN,0058&lt;br&gt;BULLETIN&lt;br&gt;    ATHENS, Greece (AP)  --  Mizuki Noguchi of Japan won the marathon Sunday in 2 hours, 26 minutes, 20 seconds.",2,Sports,Sports
"Bruce Wasserstein, head of Lazard, could reach an agreement as early as this week with Michel David-Weill, the chairman, extending the deadline for ",3,Business,Business
"Epson's Photo Fine technology promises vivid, crisp colors on digital camera LCDs.",4,Science,Science
"America West Holdings Corp., parent of America West Airlines Inc., on Thursday said it does not plan to submit a bid to acquire bankrupt ATA Holdings Corp.",3,Business,Business
Pakistan says it has dealt a major blow to al-Qaeda #39;s operations after its security forces shot dead the country #39;s most wanted terror suspect.,1,World,World
"On Saturday, Virginia Tech finally walks into the football room of that exclusive athletic club known as the Atlantic Coast Conference.",2,Sports,Sports
The Federal Reserve raised short-term interest rates on Tuesday for the fifth time this year and suggested that more rate increases are in order in the months ahead.,3,Business,Business
"Bookies take bets on a new Band Aid single being Christmas No 1, expected to be confirmed by Midge Ure.",1,World,World
" SEOUL (Reuters) - North Korea gave a visiting U.N. official  a ""very positive message"" about resuming stalled six-way talks  on its nuclear programs, the South Korean Unification Ministry  said Wednesday.",1,World,World
AP - Drew Tate threw two touchdowns in his first start and No. 19 Iowa turned in a dominating defensive performance to beat Kent State 39-7 in the season opener Saturday.,2,Sports,Sports
"rebels struggle to make headway in talks aiming to ease the conflict in the Darfur region. sanctions on Sudan, by saying Moscow opposed sanctions.",1,World,World
"Petroliam Nasional Bhd., or Petronas, Malaysias national oil and gas firm, is in discussions with Chinas State-owned oil and gas firms for potential liquefied natural ",3,Business,Business
"Inside I.B.M., the issue of whether to stay in the personal computer business has been debated for a decade. The issue was put to rest last week.",3,Business,Business
"Cyber security audits find improvement in some agencies, but viruses and worms still plague the halls of government.\ ",4,Science,Science
"Booker carried the ball 15 times...Chris Rix closed out the game for Florida State, completing his only pass for three yards in the fourth...Virginia guard Elton Brown left the game with an apparent injury and did not return after catching a deflected ",2,Sports,Sports
Mike Mularkey has a message to those clamoring for rookie quarterback JP Losman to replace Drew Bledsoe as Buffalo #39;s starter. Not yet.,2,Sports,Sports
Microsoft Corp. has launched a new entry in its ongoing effort to bring more innovative PC form factors to marketin the somewhat quirky form of a high-end system specialized for project managers.,4,Science,Business
Insurgents and American forces clashed briefly Thursday near the Iraqi city. A large US assault is expected.,1,World,World
"SiliconValley.com - Microsoft makes its long-anticipated entry into the online music market today, marking the first serious challenge to Apple Computer's popular iTunes service.",4,Science,Business
 NEW YORK (Reuters) - Two senior insurance underwriters at  Zurich American Insurance Co. pleaded guilty  on Tuesday to  misdemeanors related to bid-rigging in the insurance market.,3,Business,Business
"Oil prices jumped above \$50 a barrel this morning, supported by US election tallies projecting a slim lead for President George W Bush.",3,Business,Business
Editor #39;s note: ESPN senior NFL writer John Clayton #39;s weekly  quot;First And 10 quot; column takes you around the league with a look at the best game of the week followed by primers for 10 other games.,2,Sports,Sports
"Nokia has launched its first product that supports Near Field Communication (NFC), an emerging radio frequency identification (RFID) technology that could have significant implications for mobile commerce.",4,Science,Business
"NEW YORK Another rise in oil prices is putting some pressure on stocks, which are mixed. The Dow Jones industrial average is down 12 points at ten-thousand-165.",3,Business,Business
"There is an all but unanswerable case for asserting that the biggest story out of the United States this week has nothing to do with the presidential election, has no connection with the flu vaccine shortage and that it does not involve a gay bishop either ",2,Sports,World
"Miami, FL (Sports Network) - Florida Marlins starting pitcher AJ Burnett is hampered with inflammation in his right elbow and will miss his scheduled start on Friday against the Atlanta Braves.",2,Sports,Sports
The director of a 10-minute film shown on Dutch television hopes to draw attention to what she says is widespread but hidden violence against Muslim women.,1,World,World
"BAGHDAD, Iraq -- The kidnappers of aid worker Margaret Hassan threatened to turn her over to an al-Qaida affiliated group within 48 hours if the British government refuses to pull its troops from Iraq, Al-Jazeera television reported Tuesday.",1,World,World
"Australia #39;s Computershare Ltd. (CPU.AX: Quote, Profile, Research) has agreed to buy the second-largest US share registrar, EquiServe, for \$292 million, quadrupling ",3,Business,Business
The English FA plans to introduce tests for the blood-boosting drug EPO (erythropoietin) this season as part of its regular testing programme.,2,Sports,Sports
"South African President Thabo Mbeki left Ivory Coast #39;s rebel town of Bouake after talks Sunday, saying mediators would prepare proposals to end the crisis in the world #39;s top cocoa grower.",1,World,World
"AP - A huge mushroom cloud that reportedly billowed up from North Korea was not caused by a nuclear explosion, South Korean and U.S. officials said Sunday, but they said the cause was a mystery.",1,World,World
 SAN FRANCISCO (Reuters) - Oracle Corp. on Tuesday reported  a higher quarterly profit as the world's second largest  software company benefited from steady demand for its flagship  database software.,3,Business,Business
"Sanjay Kumar, the former chief executive of Computer Associates of Islandia, NY, pleaded innocent Thursday to charges he helped inflate financial results.",3,Business,Business
" SEATTLE/NEW YORK (Reuters) - Microsoft Corp. &lt;A HREF=""http://www.investor.reuters.com/FullQuote.aspx?ticker=MSFT.O target=/stocks/quickinfo/fullquote""&gt;MSFT.O&lt;/A&gt; said  on Monday it had agreed to settle antitrust lawsuits with  Novell Inc. &lt;A HREF=""http://www.investor.reuters.com/FullQuote.aspx?ticker=NOVL.O target=/stocks/quickinfo/fullquote""&gt;NOVL.O&lt;/A&gt; and an industry trade group, marking the  end of a decade-long antitrust battle.",3,Business,Business
 NEW YORK (Reuters) - U.S. stocks ended higher on Wednesday  as investors snapped up semiconductor shares at bargain prices  and bought some blue chips after crude oil retreated from  record high prices.,3,Business,Business
"Comprehensive security programs that include firewall software, spyware defenses and diagnostic and repair tools are necessay to keep a PC in good health these days. &lt;FONT face=""verdana,MS Sans Serif,arial,helvetica"" size=""-2"" color=""#666666""&gt;&lt;B&gt;-The Washington Post&lt;/B&gt;&lt;/FONT&gt;",4,Science,Science
"Software manufacturer Oracle Corp. said Monday that it raised its hostile bid for rival PeopleSoft Inc. to \$24 per share from \$21, and said the new price represents the company #39;s  quot;best and final offer.",3,Business,Business
"Amazing what a change of scenery will do. After moving training camps from Houston to San Antonio after a couple of lackluster performances, featherweight contender Rocky ",2,Sports,Sports
The Web console -- to be made available specifically to corporate and enterprise licensees of Norton AntiVirus software -- will allow administrators to distribute virus definitions and product updates on demand.,4,Science,Business
"&lt;a href=""http://arstechnica.com/news/posts/20040923-4222.html""&gt;Sony considers adding native mp3 support to its players&lt;/a&gt; &lt;font size=-1 color=#6f6f6f&gt;&lt;nobr&gt;Ars Technica&lt;/nobr&gt;",4,Science,Science
"BOSTON (CBS.MW) - Pharmaceutical powerhouse Pfizer is buying a 5 percent stake in biotechnology researcher Medarex under their newly signed collaboration deal, according to Medarex Chief Executive Donald Drakeman.",3,Business,Business
"Five days after falling and fracturing a knee and an arm, Cuban President Fidel Castro appeared on television on Monday with his arm in a sling to announce Cuba will end circulation of the US dollar.",1,World,World
"In Putins Russia Gazprom is by no means a mere natural monopoly, nor a newly established ministry for oil and gas. Gazprom is an instrument of public administration just like the pro-Kremlin United Russia ",3,Business,World
"Carlos Zambrano picked up his career high 15th win, combining with two pitchers on a six-hit shutout to lift the Chicago Cubs to a 1-0 victory on Wednesday night over ",2,Sports,Sports
The family of a Briton held hostage in Iraq have issued an emotional plea for his release as the deadline approaches. Philip Bigley said his brother Ken regarded the Arab world as his  quot;home from home quot; and ,1,World,World
"IBM will put a collection of its On Demand-related products and technologies to this test next week at the U.S. Open tennis championships, implementing a grid-based infrastructure capable of running multiple workloads including two not associated with the tournament.",4,Science,Sports
"NewsFactor - Red Hat (Nasdaq: RHAT) has acquired Netscape \server-software products of AOL Time Warner (NYSE: AOL), as part of the Linux vendor's ""open-source architecture"" strategy.",4,Science,Business
"Atlanta, GA -- Michael Vick ran for a score and threw a touchdown pass in the fourth quarter, as Atlanta rallied to defeat San Diego, 21-20, at the Georgia Dome.",2,Sports,Sports
Boeing Co. on Monday said it is offering a 777 cargo model that will be the largest and farthest-flying twin-engine freighter. The Boeing 777 freighter is scheduled to enter service in the fourth quarter of 2008.,3,Business,Business
"Chone Figgins and Troy Percival saved the Anaheim Angels, and gave them a little boost in the AL West race. Figgins had RBI hits in the last two innings and scored the go-ahead run on an infield grounder.",2,Sports,Sports
Militants holding three foreign United Nations workers in Afghanistan said that they had held negotiations with officials from the Afghan government and the United ,1,World,World
"News Corp, the media group led by Rupert Murdoch, on Monday announced plans for a poison pill rights issue to prevent a hostile takeover by potential predators such as Liberty Media, one of the company #39;s largest shareholders.",3,Business,Business
VIENNA (MNA) - A United States official confirmed to AFP news agency on Friday that Washington fails to take Irans nuclear issue to the United Nations Security Council for possible sanctions against Tehran.,1,World,World
" CHICAGO (Reuters) - Avon Products Inc. &lt;A HREF=""http://www.investor.reuters.com/FullQuote.aspx?ticker=AVP.N target=/stocks/quickinfo/fullquote""&gt;AVP.N&lt;/A&gt; on Friday  posted higher quarterly earnings as business in Latin America  and Europe helped offset weakness in the United States for the  direct seller of cosmetics.",3,Business,Business
"Revenues in key sectors of the US services industry grew in the second quarter, the government said on Monday in a new survey aimed at measuring growth in the giant tranche of the economy.",3,Business,Business
"AFP - President Vladimir Putin took over once again as head of the CIS ex-Soviet bloc at a summit in the Kazakh capital Astana, the Interfax news agency reported.",1,World,World
Lawyers for Pfc. Lynndie R. England sought Wednesday to throw out evidence at the heart of the Abu Ghraib prison scandal -- the now-infamous photos showing her smiling and pointing at naked Iraqi detainees.,1,World,World
"Care International charity says its chief of operations in Iraq has been kidnapped in Baghdad. A spokeswoman told Reuters on Tuesday that Margaret Hassan, who has been working ",1,World,World
 MILAN (Reuters) - An Italian prosecutor asked a court on  Friday to sentence Silvio Berlusconi to eight years in jail for  bribing judges as the prime minister's four-year corruption  trial reached its closing stages.,1,World,World
"WASHINGTON -- Iran pledged yesterday to temporarily suspend its uranium enrichment program in an attempt to ease suspicions that it is trying to develop nuclear weapons. The move could defuse a longstanding showdown with the United States over Iran's nuclear activities, diplomats said.",1,World,World
"South African President Thabo Mbeki flew to Ivory Coast on Tuesday to launch an African effort to rein in four days of violence that have killed at least 20 people, wounded more than 600 and shut down cocoa exports from the world's largest producer.",1,World,World
"Hayley Mick is a journalist currently based in Vancouver. She has broadcast experience with CBC Radio #39;s Quirks and Quarks and has reported for the Vancouver Sun, CBC Online, and the Canadian Press #39;s Ontario and Vancouver bureaus.",1,World,Science
"A small parcel bomb has exploded outside the Indonesian embassy in Paris, slightly injuring 10 people and shattering windows, but officials say they have no clues to the motive.",1,World,World
" STOCKHOLM (Reuters) - Andre Agassi marched into the  Stockholm Open semifinals Friday, beating Spanish eighth seed  Fernando Verdasco 7-6, 6-2 in his toughest match of the  tournament.",2,Sports,Sports
"The da Vinci Project, a Toronto group planning to launch a homemade, manned spacecraft in October, is having trouble getting its paperwork off the ground. Canadian regulators are leery of approving the launch. And then there's the matter of finding insurance. By Dan Brekke.",4,Science,Science
"Why did PeopleSoft, in the midst of a takeover fight with Oracle, fire its chief executive and president? Who knows? And that's a problem.",4,Science,Business
"HP (Quote, Chart) deepened its relationship with open source software concern JBoss, agreeing to become a major source of support for its application server and Linux.",4,Science,Business
"WASHINGTON, Sept. 30, 2004 -- A series of car bombings in Baghdad today killed one American soldier and wounded 13 others. The bombings also killed at least two Iraqi policemen and reportedly injured scores of other Iraqis.",1,World,World
p2pnet.net News:- Xbox add-ons that let users run items not produced by Microsoft have been out there almost since Day One.  quot;Hackers who equip their Xboxes with mod chips and other upgrades such as bigger ,4,Science,Science
A company board member testifies in trial that a sale would be possible if Oracle ups its offer.,4,Science,Business
"Joe Nemechek wasn #39;t surprised to be back at the front of the field, just that it took so long to get there. Nemechek, who earned the nickname  quot;Front Row Joe quot; when he won six poles from 1997-00, got No.",2,Sports,Sports
"AP - Turkey's parliament adjourned Saturday without passing a key reform package because of divisions over the government's proposal to make adultery a crime, bringing warnings from the European Union that delays could hurt Turkey's chances of membership.",1,World,World
"We've got two more entries this week in the category of ""What weird, useless stuff is for sale on eBay that I just have to have?""",4,Science,None
"Polk County will retain its position at the heart of the US phosphate industry, at least through the end of this decade, following the merger of IMC Global Inc.",3,Business,Business
